{
  "log_loss": 0.2408116742209772,
  "brier": 0.05332271080308991,
  "roc_auc": NaN,
  "average_precision": 0.2343693660836518,
  "f1": 0.0,
  "precision": 0.0,
  "recall": 0.0,
  "accuracy": 0.9598195453555273
}