{
  "method": "isotonic",
  "brier": 0.01544258061311081,
  "log_loss": 0.0602581853373469
}