{
  "log_loss": 0.20159421455940052,
  "brier": 0.03595839928550728,
  "roc_auc": NaN,
  "average_precision": 0.0,
  "f1": 0.0,
  "precision": 0.0,
  "recall": 0.0,
  "accuracy": 1.0
}