{
  "log_loss": 0.22816282190218826,
  "brier": 0.050276513617578684,
  "roc_auc": 0.92,
  "average_precision": 0.3333333333333333,
  "f1": 0.0,
  "precision": 0.0,
  "recall": 0.0,
  "accuracy": 0.9615384615384616
}