{
  "log_loss": 0.40863078354385457,
  "brier": 0.1307109560776085,
  "roc_auc": 0.8434782608695652,
  "average_precision": 0.4635897435897436,
  "f1": 0.0,
  "precision": 0.0,
  "recall": 0.0,
  "accuracy": 0.75
}