{
  "log_loss": 0.190050882321546,
  "brier": 0.03180341571552249,
  "roc_auc": NaN,
  "average_precision": 0.0,
  "f1": 0.0,
  "precision": 0.0,
  "recall": 0.0,
  "accuracy": 1.0
}