{
  "log_loss": 0.24605121702968055,
  "brier": 0.052668757729827806,
  "roc_auc": NaN,
  "average_precision": 0.0,
  "f1": 0.0,
  "precision": 0.0,
  "recall": 0.0,
  "accuracy": 1.0
}