{
  "log_loss": 0.1912784698893895,
  "brier": 0.03346748268034319,
  "roc_auc": NaN,
  "average_precision": 0.0,
  "f1": 0.0,
  "precision": 0.0,
  "recall": 0.0,
  "accuracy": 1.0
}