{
  "log_loss": 0.17464569943589425,
  "brier": 0.02632196068457648,
  "roc_auc": NaN,
  "average_precision": 0.0,
  "f1": 0.0,
  "precision": 0.0,
  "recall": 0.0,
  "accuracy": 1.0
}