{
  "log_loss": 0.19510562523497682,
  "brier": 0.03238489676583871,
  "roc_auc": NaN,
  "average_precision": 0.0,
  "f1": 0.0,
  "precision": 0.0,
  "recall": 0.0,
  "accuracy": 1.0
}