{
  "log_loss": 0.21300589517171004,
  "brier": 0.04387008548911989,
  "roc_auc": 0.9655172413793104,
  "average_precision": 0.5,
  "f1": 0.0,
  "precision": 0.0,
  "recall": 0.0,
  "accuracy": 0.9666666666666667
}