{
  "log_loss": 0.23033433177847343,
  "brier": 0.04501124474849833,
  "roc_auc": NaN,
  "average_precision": 0.0,
  "f1": 0.0,
  "precision": 0.0,
  "recall": 0.0,
  "accuracy": 1.0
}