{
  "log_loss": 0.24723845116174076,
  "brier": 0.056737156607691505,
  "roc_auc": 1.0,
  "average_precision": 1.0,
  "f1": 0.0,
  "precision": 0.0,
  "recall": 0.0,
  "accuracy": 0.9444444444444444
}