{
  "log_loss": 0.2136906166623274,
  "brier": 0.040918421315046354,
  "roc_auc": NaN,
  "average_precision": 0.0,
  "f1": 0.0,
  "precision": 0.0,
  "recall": 0.0,
  "accuracy": 1.0
}