{
  "log_loss": 0.19730360864540855,
  "brier": 0.03346474814784524,
  "roc_auc": NaN,
  "average_precision": 0.0,
  "f1": 0.0,
  "precision": 0.0,
  "recall": 0.0,
  "accuracy": 1.0
}