{
  "log_loss": 0.4500515891060198,
  "brier": 0.14893256905347887,
  "roc_auc": 0.8633540372670808,
  "average_precision": 0.6036023500309216,
  "f1": 0.0,
  "precision": 0.0,
  "recall": 0.0,
  "accuracy": 0.7666666666666667
}