{
  "log_loss": 0.3184602275249509,
  "brier": 0.08608543183133918,
  "roc_auc": 0.7619047619047619,
  "average_precision": 0.225,
  "f1": 0.0,
  "precision": 0.0,
  "recall": 0.0,
  "accuracy": 0.9130434782608695
}