{
  "log_loss": 0.21695245729478035,
  "brier": 0.045041126528444296,
  "roc_auc": 0.9642857142857143,
  "average_precision": 0.5,
  "f1": 0.0,
  "precision": 0.0,
  "recall": 0.0,
  "accuracy": 0.9655172413793104
}