{
  "log_loss": 0.29446767980995436,
  "brier": 0.07901757927711713,
  "roc_auc": 0.9583333333333334,
  "average_precision": 0.6388888888888888,
  "f1": 0.0,
  "precision": 0.0,
  "recall": 0.0,
  "accuracy": 0.8888888888888888
}