{
  "log_loss": 0.2959672083191827,
  "brier": 0.07620559604117808,
  "roc_auc": 1.0,
  "average_precision": 1.0,
  "f1": 0.0,
  "precision": 0.0,
  "recall": 0.0,
  "accuracy": 0.875
}