{
  "log_loss": 0.1758449088777702,
  "brier": 0.02662426565616299,
  "roc_auc": NaN,
  "average_precision": 0.0,
  "f1": 0.0,
  "precision": 0.0,
  "recall": 0.0,
  "accuracy": 1.0
}