{
  "log_loss": 0.20723326040754575,
  "brier": 0.03654998771175939,
  "roc_auc": NaN,
  "average_precision": 0.0,
  "f1": 0.0,
  "precision": 0.0,
  "recall": 0.0,
  "accuracy": 1.0
}