{
  "log_loss": 0.23886528155288198,
  "brier": 0.04576647543889421,
  "roc_auc": NaN,
  "average_precision": 0.0,
  "f1": 0.0,
  "precision": 0.0,
  "recall": 0.0,
  "accuracy": 1.0
}