{
  "log_loss": 0.30239487440036467,
  "brier": 0.07979596435209876,
  "roc_auc": 0.7916666666666667,
  "average_precision": 0.26666666666666666,
  "f1": 0.0,
  "precision": 0.0,
  "recall": 0.0,
  "accuracy": 0.9230769230769231
}