{
  "log_loss": 0.1868683763623185,
  "brier": 0.03141335500746905,
  "roc_auc": NaN,
  "average_precision": 0.0,
  "f1": 0.0,
  "precision": 0.0,
  "recall": 0.0,
  "accuracy": 1.0
}