{
  "log_loss": 0.2081304532527529,
  "brier": 0.03738670038909125,
  "roc_auc": NaN,
  "average_precision": 0.0,
  "f1": 0.0,
  "precision": 0.0,
  "recall": 0.0,
  "accuracy": 1.0
}