{
  "log_loss": 0.25146877520518524,
  "brier": 0.054033916014181324,
  "roc_auc": NaN,
  "average_precision": 0.0,
  "f1": 0.0,
  "precision": 0.0,
  "recall": 0.0,
  "accuracy": 1.0
}