{
  "log_loss": 0.22014030389007638,
  "brier": 0.04536226242357208,
  "roc_auc": NaN,
  "average_precision": 0.5221526160226567,
  "f1": 0.14400921658986177,
  "precision": 0.22580645161290322,
  "recall": 0.11469534050179211,
  "accuracy": 0.9706530409147646
}