{
  "log_loss": 0.22610020167781172,
  "brier": 0.04675762710791402,
  "roc_auc": 1.0,
  "average_precision": 1.0,
  "f1": 0.0,
  "precision": 0.0,
  "recall": 0.0,
  "accuracy": 0.96
}