{
  "log_loss": 0.2570849258898449,
  "brier": 0.06028219995617792,
  "roc_auc": 0.9695652173913043,
  "average_precision": 0.8833333333333333,
  "f1": 0.75,
  "precision": 1.0,
  "recall": 0.6,
  "accuracy": 0.9607843137254902
}