{
  "log_loss": 0.17340368404544107,
  "brier": 0.026981278740789358,
  "roc_auc": NaN,
  "average_precision": 0.0,
  "f1": 0.0,
  "precision": 0.0,
  "recall": 0.0,
  "accuracy": 1.0
}