{
  "log_loss": 0.2010486993498945,
  "brier": 0.03505623314919203,
  "roc_auc": NaN,
  "average_precision": 0.0,
  "f1": 0.0,
  "precision": 0.0,
  "recall": 0.0,
  "accuracy": 1.0
}