{
  "log_loss": 0.3306129681500393,
  "brier": 0.09082379372785122,
  "roc_auc": 0.9590643274853801,
  "average_precision": 0.8967813051146385,
  "f1": 0.7142857142857143,
  "precision": 1.0,
  "recall": 0.5555555555555556,
  "accuracy": 0.9148936170212766
}