{
  "log_loss": 0.27085586444687637,
  "brier": 0.06665738261164852,
  "roc_auc": 0.9874999999999999,
  "average_precision": 0.8766666666666667,
  "f1": 0.3333333333333333,
  "precision": 1.0,
  "recall": 0.2,
  "accuracy": 0.9245283018867925
}