{
  "log_loss": 0.22821736977721005,
  "brier": 0.044800733804692204,
  "roc_auc": NaN,
  "average_precision": 0.0,
  "f1": 0.0,
  "precision": 0.0,
  "recall": 0.0,
  "accuracy": 1.0
}