{
  "log_loss": 0.23470756304413762,
  "brier": 0.05235777069781273,
  "roc_auc": 0.9743589743589743,
  "average_precision": 0.5833333333333333,
  "f1": 0.0,
  "precision": 0.0,
  "recall": 0.0,
  "accuracy": 0.9512195121951219
}