{
  "log_loss": 0.21236006085819129,
  "brier": 0.04229052362389929,
  "roc_auc": 1.0,
  "average_precision": 1.0,
  "f1": 0.0,
  "precision": 0.0,
  "recall": 0.0,
  "accuracy": 0.9615384615384616
}