{
  "log_loss": 0.1803161461925222,
  "brier": 0.02914647521630405,
  "roc_auc": NaN,
  "average_precision": 0.0,
  "f1": 0.0,
  "precision": 0.0,
  "recall": 0.0,
  "accuracy": 1.0
}