{
  "log_loss": 0.2280230018319305,
  "brier": 0.048979029125653106,
  "roc_auc": 0.8837209302325582,
  "average_precision": 0.16666666666666666,
  "f1": 0.0,
  "precision": 0.0,
  "recall": 0.0,
  "accuracy": 0.9772727272727273
}