{
  "log_loss": 0.1153655284404724,
  "brier": 0.016690429558134035,
  "roc_auc": NaN,
  "average_precision": 0.44666666666666666,
  "f1": 0.0,
  "precision": 0.0,
  "recall": 0.0,
  "accuracy": 0.9877184565064653
}