{
  "method": "isotonic",
  "brier": 0.010997987937725738,
  "log_loss": 0.034721581439009046
}