{
  "log_loss": 0.09877024853605097,
  "brier": 0.009246095025509613,
  "roc_auc": NaN,
  "average_precision": 0.0,
  "f1": 0.0,
  "precision": 0.0,
  "recall": 0.0,
  "accuracy": 1.0
}