{
  "log_loss": 0.10779498801156573,
  "brier": 0.011048105609700926,
  "roc_auc": NaN,
  "average_precision": 0.0,
  "f1": 0.0,
  "precision": 0.0,
  "recall": 0.0,
  "accuracy": 1.0
}