{
  "log_loss": 0.12816979691797983,
  "brier": 0.022499121949420817,
  "roc_auc": 1.0,
  "average_precision": 1.0,
  "f1": 0.0,
  "precision": 0.0,
  "recall": 0.0,
  "accuracy": 0.9772727272727273
}