{
  "log_loss": 0.12476801553905659,
  "brier": 0.021748671106995174,
  "roc_auc": 1.0,
  "average_precision": 1.0,
  "f1": 0.0,
  "precision": 0.0,
  "recall": 0.0,
  "accuracy": 0.9787234042553191
}