{
  "log_loss": 0.09800763600190845,
  "brier": 0.009261174052501393,
  "roc_auc": NaN,
  "average_precision": 0.0,
  "f1": 0.0,
  "precision": 0.0,
  "recall": 0.0,
  "accuracy": 1.0
}