{
  "log_loss": 0.10402798921131864,
  "brier": 0.010138247258327187,
  "roc_auc": NaN,
  "average_precision": 0.0,
  "f1": 0.0,
  "precision": 0.0,
  "recall": 0.0,
  "accuracy": 1.0
}