{
  "log_loss": 0.11500178102895464,
  "brier": 0.019014748616597753,
  "roc_auc": 1.0,
  "average_precision": 1.0,
  "f1": 0.0,
  "precision": 0.0,
  "recall": 0.0,
  "accuracy": 0.9814814814814815
}