{
  "log_loss": 0.16011274872823933,
  "brier": 0.035661879173564566,
  "roc_auc": 1.0,
  "average_precision": 1.0,
  "f1": 0.0,
  "precision": 0.0,
  "recall": 0.0,
  "accuracy": 0.96
}