{
  "log_loss": 0.15964464054035474,
  "brier": 0.036460205165570886,
  "roc_auc": 0.9680851063829787,
  "average_precision": 0.7,
  "f1": 0.0,
  "precision": 0.0,
  "recall": 0.0,
  "accuracy": 0.9591836734693877
}