{
  "log_loss": 0.08568712728677985,
  "brier": 0.006743469995345361,
  "roc_auc": NaN,
  "average_precision": 0.0,
  "f1": 0.0,
  "precision": 0.0,
  "recall": 0.0,
  "accuracy": 1.0
}