{
  "log_loss": 0.10608334591537064,
  "brier": 0.010518486901605294,
  "roc_auc": NaN,
  "average_precision": 0.0,
  "f1": 0.0,
  "precision": 0.0,
  "recall": 0.0,
  "accuracy": 1.0
}