{
  "log_loss": 0.09916586513181128,
  "brier": 0.009322473340619503,
  "roc_auc": NaN,
  "average_precision": 0.0,
  "f1": 0.0,
  "precision": 0.0,
  "recall": 0.0,
  "accuracy": 1.0
}