{
  "log_loss": 0.29601961536789867,
  "brier": 0.07367079026031617,
  "roc_auc": NaN,
  "average_precision": 0.547684583934584,
  "f1": 0.3830687830687831,
  "precision": 0.44074074074074077,
  "recall": 0.3657407407407407,
  "accuracy": 0.9420322003685213
}