{
  "method": "isotonic",
  "brier": 0.014905063230227746,
  "log_loss": 0.06089785857682262
}