{
  "log_loss": 0.2926389273105904,
  "brier": 0.06970531928815168,
  "roc_auc": NaN,
  "average_precision": 0.0,
  "f1": 0.0,
  "precision": 0.0,
  "recall": 0.0,
  "accuracy": 0.96875
}