{
  "log_loss": 0.33243466237211355,
  "brier": 0.08893840034820887,
  "roc_auc": 0.9561403508771931,
  "average_precision": 0.5333333333333333,
  "f1": 0.5714285714285714,
  "precision": 0.5,
  "recall": 0.6666666666666666,
  "accuracy": 0.926829268292683
}