{
  "log_loss": 0.30384945589566936,
  "brier": 0.07681955892884264,
  "roc_auc": 0.8859649122807018,
  "average_precision": 0.7291666666666666,
  "f1": 0.0,
  "precision": 0.0,
  "recall": 0.0,
  "accuracy": 0.926829268292683
}