{
  "log_loss": 0.34054259674484194,
  "brier": 0.09214933293994457,
  "roc_auc": 0.9166666666666667,
  "average_precision": 0.6083333333333333,
  "f1": 0.2857142857142857,
  "precision": 0.3333333333333333,
  "recall": 0.25,
  "accuracy": 0.875
}