{
  "log_loss": 0.35926116533474406,
  "brier": 0.10383572596824414,
  "roc_auc": 0.8486486486486486,
  "average_precision": 0.46320346320346323,
  "f1": 0.25,
  "precision": 0.3333333333333333,
  "recall": 0.2,
  "accuracy": 0.8571428571428571
}