{
  "log_loss": 0.2612243347783783,
  "brier": 0.05729200970803036,
  "roc_auc": 0.9914529914529915,
  "average_precision": 0.9166666666666665,
  "f1": 0.8,
  "precision": 1.0,
  "recall": 0.6666666666666666,
  "accuracy": 0.9761904761904762
}