{
  "log_loss": 0.2812534011285372,
  "brier": 0.06702638315286889,
  "roc_auc": 0.9922480620155039,
  "average_precision": 0.9166666666666665,
  "f1": 0.75,
  "precision": 0.6,
  "recall": 1.0,
  "accuracy": 0.9565217391304348
}