{
  "log_loss": 0.2664451050723384,
  "brier": 0.059960153114531546,
  "roc_auc": 1.0,
  "average_precision": 1.0,
  "f1": 1.0,
  "precision": 1.0,
  "recall": 1.0,
  "accuracy": 1.0
}