{
  "log_loss": 0.3271163553801449,
  "brier": 0.08858527299946894,
  "roc_auc": 0.9428571428571428,
  "average_precision": 0.6726190476190477,
  "f1": 0.5,
  "precision": 0.6666666666666666,
  "recall": 0.4,
  "accuracy": 0.9
}