{
  "log_loss": 0.2856235784575527,
  "brier": 0.06930599277669579,
  "roc_auc": 0.8888888888888888,
  "average_precision": 0.2,
  "f1": 0.0,
  "precision": 0.0,
  "recall": 0.0,
  "accuracy": 0.972972972972973
}