{
  "log_loss": 0.2556864504439031,
  "brier": 0.05631068274707961,
  "roc_auc": 1.0,
  "average_precision": 1.0,
  "f1": 0.6666666666666666,
  "precision": 1.0,
  "recall": 0.5,
  "accuracy": 0.967741935483871
}