{
  "log_loss": 0.2858576834698061,
  "brier": 0.06896597294746426,
  "roc_auc": NaN,
  "average_precision": 0.0,
  "f1": 0.0,
  "precision": 0.0,
  "recall": 0.0,
  "accuracy": 0.9444444444444444
}