{
  "log_loss": 0.34136703046966926,
  "brier": 0.09272249227253707,
  "roc_auc": 0.8571428571428571,
  "average_precision": 0.225,
  "f1": 0.0,
  "precision": 0.0,
  "recall": 0.0,
  "accuracy": 0.8918918918918919
}