{
  "log_loss": 0.28334097605062203,
  "brier": 0.07014691194385039,
  "roc_auc": 0.8888888888888888,
  "average_precision": 0.26666666666666666,
  "f1": 0.0,
  "precision": 0.0,
  "recall": 0.0,
  "accuracy": 0.9473684210526315
}