{
  "log_loss": 0.2689285142778237,
  "brier": 0.06038030206263494,
  "roc_auc": 1.0,
  "average_precision": 1.0,
  "f1": 1.0,
  "precision": 1.0,
  "recall": 1.0,
  "accuracy": 1.0
}