{
  "log_loss": 0.2776621525040859,
  "brier": 0.06848048968549246,
  "roc_auc": 0.9846153846153846,
  "average_precision": 0.8766666666666667,
  "f1": 0.5714285714285714,
  "precision": 1.0,
  "recall": 0.4,
  "accuracy": 0.9318181818181818
}