{
  "method": "isotonic",
  "brier": 0.005707710280641852,
  "log_loss": 0.026878880151075927
}