{
  "log_loss": 0.17428343854574527,
  "brier": 0.030389372888852906,
  "roc_auc": 1.0,
  "average_precision": 1.0,
  "f1": 0.0,
  "precision": 0.0,
  "recall": 0.0,
  "accuracy": 0.9814814814814815
}