{
  "log_loss": 0.4787654989044546,
  "brier": 0.15819778886234664,
  "roc_auc": 0.9555555555555556,
  "average_precision": 0.9495926487305798,
  "f1": 0.3333333333333333,
  "precision": 1.0,
  "recall": 0.2,
  "accuracy": 0.7142857142857143
}