{
  "log_loss": 0.21372993332001514,
  "brier": 0.040589704876615014,
  "roc_auc": 1.0,
  "average_precision": 1.0,
  "f1": 0.0,
  "precision": 0.0,
  "recall": 0.0,
  "accuracy": 0.9772727272727273
}