{
  "log_loss": 0.25978495780254857,
  "brier": 0.05912644819229867,
  "roc_auc": 0.9878048780487805,
  "average_precision": 0.8333333333333333,
  "f1": 0.0,
  "precision": 0.0,
  "recall": 0.0,
  "accuracy": 0.9534883720930233
}