{
  "log_loss": 0.1967170239428495,
  "brier": 0.033246204292717164,
  "roc_auc": NaN,
  "average_precision": 0.0,
  "f1": 0.0,
  "precision": 0.0,
  "recall": 0.0,
  "accuracy": 1.0
}