{
  "log_loss": 0.1864307605816723,
  "brier": 0.03497182707179121,
  "roc_auc": 1.0,
  "average_precision": 1.0,
  "f1": 0.0,
  "precision": 0.0,
  "recall": 0.0,
  "accuracy": 0.9591836734693877
}