{
  "log_loss": 0.19953506163909687,
  "brier": 0.03509009970076945,
  "roc_auc": NaN,
  "average_precision": 0.0,
  "f1": 0.0,
  "precision": 0.0,
  "recall": 0.0,
  "accuracy": 1.0
}