{
  "log_loss": 0.25453660670471057,
  "brier": 0.05908579041112601,
  "roc_auc": 0.9833333333333334,
  "average_precision": 0.8541666666666666,
  "f1": 0.6666666666666666,
  "precision": 1.0,
  "recall": 0.5,
  "accuracy": 0.9591836734693877
}