{
  "log_loss": 0.2662682179305472,
  "brier": 0.0616655357040198,
  "roc_auc": 0.9479166666666667,
  "average_precision": 0.6428571428571428,
  "f1": 0.6666666666666666,
  "precision": 1.0,
  "recall": 0.5,
  "accuracy": 0.98
}