{
  "log_loss": 0.21879773466162647,
  "brier": 0.043289281124077324,
  "roc_auc": 0.98,
  "average_precision": 0.5,
  "f1": 0.0,
  "precision": 0.0,
  "recall": 0.0,
  "accuracy": 0.9803921568627451
}