{
  "log_loss": 0.18720839412936122,
  "brier": 0.0305087204972509,
  "roc_auc": NaN,
  "average_precision": 0.0,
  "f1": 0.0,
  "precision": 0.0,
  "recall": 0.0,
  "accuracy": 1.0
}