{
  "log_loss": 0.16271902306709346,
  "brier": 0.023581948174875064,
  "roc_auc": NaN,
  "average_precision": 0.0,
  "f1": 0.0,
  "precision": 0.0,
  "recall": 0.0,
  "accuracy": 1.0
}