{
  "log_loss": 0.19516054661702678,
  "brier": 0.03286336786388592,
  "roc_auc": NaN,
  "average_precision": 0.0,
  "f1": 0.0,
  "precision": 0.0,
  "recall": 0.0,
  "accuracy": 1.0
}