{
  "log_loss": 0.17412000497778196,
  "brier": 0.025537297993597725,
  "roc_auc": NaN,
  "average_precision": 0.0,
  "f1": 0.0,
  "precision": 0.0,
  "recall": 0.0,
  "accuracy": 1.0
}