{
  "log_loss": 0.2831420188674492,
  "brier": 0.06883937937246486,
  "roc_auc": NaN,
  "average_precision": 0.5420665137331804,
  "f1": 0.3599206349206349,
  "precision": 0.4083333333333333,
  "recall": 0.35,
  "accuracy": 0.9520134354856259
}