{
  "method": "isotonic",
  "brier": 0.013883936044369681,
  "log_loss": 0.05607227999754409
}