{
  "log_loss": 0.2630840400372154,
  "brier": 0.058693851363765835,
  "roc_auc": NaN,
  "average_precision": 0.0,
  "f1": 0.0,
  "precision": 0.0,
  "recall": 0.0,
  "accuracy": 1.0
}