{
  "log_loss": 0.3316605638435167,
  "brier": 0.08867199069837678,
  "roc_auc": 0.9097222222222222,
  "average_precision": 0.6019230769230769,
  "f1": 0.5,
  "precision": 0.5,
  "recall": 0.5,
  "accuracy": 0.9
}