{
  "log_loss": 0.28103560619509993,
  "brier": 0.06542060304505726,
  "roc_auc": NaN,
  "average_precision": 0.0,
  "f1": 0.0,
  "precision": 0.0,
  "recall": 0.0,
  "accuracy": 1.0
}