{
  "log_loss": 0.3230999581428018,
  "brier": 0.0875051076662634,
  "roc_auc": 0.9314285714285715,
  "average_precision": 0.6476190476190476,
  "f1": 0.5,
  "precision": 0.6666666666666666,
  "recall": 0.4,
  "accuracy": 0.9
}