{
  "log_loss": 0.2698470343144495,
  "brier": 0.06557375655306172,
  "roc_auc": 0.888888888888889,
  "average_precision": 0.26785714285714285,
  "f1": 0.0,
  "precision": 0.0,
  "recall": 0.0,
  "accuracy": 0.9473684210526315
}