{
  "log_loss": 0.32441439671542593,
  "brier": 0.0863660947272805,
  "roc_auc": 0.8142857142857143,
  "average_precision": 0.19090909090909092,
  "f1": 0.0,
  "precision": 0.0,
  "recall": 0.0,
  "accuracy": 0.918918918918919
}