{
  "log_loss": 0.26816313204478903,
  "brier": 0.062325331373325465,
  "roc_auc": 0.9844961240310077,
  "average_precision": 0.8055555555555556,
  "f1": 0.8571428571428571,
  "precision": 0.75,
  "recall": 1.0,
  "accuracy": 0.9782608695652174
}