{
  "log_loss": 0.2755810374811753,
  "brier": 0.06713869170247935,
  "roc_auc": 0.9354838709677419,
  "average_precision": 0.45,
  "f1": 0.5,
  "precision": 0.5,
  "recall": 0.5,
  "accuracy": 0.9393939393939394
}