{
  "log_loss": 0.27136049819555647,
  "brier": 0.06376457694356652,
  "roc_auc": NaN,
  "average_precision": 0.0,
  "f1": 0.0,
  "precision": 0.0,
  "recall": 0.0,
  "accuracy": 0.9444444444444444
}