{
  "log_loss": 0.2898739493398672,
  "brier": 0.07217964098523873,
  "roc_auc": 0.8947368421052632,
  "average_precision": 0.7333333333333334,
  "f1": 0.0,
  "precision": 0.0,
  "recall": 0.0,
  "accuracy": 0.926829268292683
}