{
  "log_loss": 0.2573801796143835,
  "brier": 0.05657319864313832,
  "roc_auc": 1.0,
  "average_precision": 1.0,
  "f1": 1.0,
  "precision": 1.0,
  "recall": 1.0,
  "accuracy": 1.0
}