{
  "log_loss": 0.2582573180281686,
  "brier": 0.05733341546466429,
  "roc_auc": NaN,
  "average_precision": 0.0,
  "f1": 0.0,
  "precision": 0.0,
  "recall": 0.0,
  "accuracy": 0.9736842105263158
}