{
  "log_loss": 0.3260061658002107,
  "brier": 0.08831231789366786,
  "roc_auc": 0.8461538461538461,
  "average_precision": 0.48333333333333334,
  "f1": 0.3333333333333333,
  "precision": 0.3333333333333333,
  "recall": 0.3333333333333333,
  "accuracy": 0.9047619047619048
}