{
  "log_loss": 0.32262307556759723,
  "brier": 0.0849383887608455,
  "roc_auc": 0.9649122807017545,
  "average_precision": 0.7,
  "f1": 0.75,
  "precision": 0.6,
  "recall": 1.0,
  "accuracy": 0.9512195121951219
}