{
  "log_loss": 0.251758766328941,
  "brier": 0.054440241839271805,
  "roc_auc": 1.0,
  "average_precision": 1.0,
  "f1": 0.8,
  "precision": 1.0,
  "recall": 0.6666666666666666,
  "accuracy": 0.9761904761904762
}