{
  "log_loss": 0.27524672417695567,
  "brier": 0.06830492194711806,
  "roc_auc": 0.9846153846153846,
  "average_precision": 0.8766666666666667,
  "f1": 0.5714285714285714,
  "precision": 1.0,
  "recall": 0.4,
  "accuracy": 0.9318181818181818
}